experiment_name,precision,recall,f1
test_abstract_just_norm.arxiv_wos_dois_matched,0.9961436738830908,0.7299360285478045,0.8425116825755077
test_abstract_just_norm.arxiv_ds_dois_matched,0.13254005354638562,0.0345326226324426,0.05478999627565757
test_abstract_just_norm.arxiv_mag_dois_matched,0.9717013331877044,0.6857363769718254,0.8040494645855428
test_abstract_just_norm.wos_ds_dois_matched,0.9963962707965751,0.8063759026978048,0.8913715821904652
test_abstract_just_norm.wos_mag_dois_matched,0.9955263388231103,0.8254986858221389,0.9025748392006833
test_abstract_just_norm.ds_mag_dois_matched,0.9948045828227305,0.8393567046714704,0.9104934251130343
