experiment_name,precision,recall,f1
test_triple_match.arxiv_wos_dois_matched,0.9963096290458288,0.5427941453791143,0.7027349846282708
test_triple_match.arxiv_ds_dois_matched,0.09167066040448577,0.042358599827713346,0.05794318066500766
test_triple_match.arxiv_mag_dois_matched,0.9335590856115041,0.49007011737615047,0.6427367599696098
test_triple_match.wos_ds_dois_matched,0.996526169060737,0.8291120607641412,0.9051430367062347
test_triple_match.wos_mag_dois_matched,0.9959879778202922,0.7989662688042106,0.8866641586094978
test_triple_match.ds_mag_dois_matched,0.99748346390185,0.8181290419731169,0.8989475321032468
