experiment_name,precision,recall,f1
test_len_truncation.arxiv_wos_dois_matched,0.9963889644335661,0.7653016522331985,0.8656890302233731
test_len_truncation.arxiv_ds_dois_matched,0.1403588960700606,0.0340011471013546,0.05474148073673177
test_len_truncation.arxiv_mag_dois_matched,0.9743466097692285,0.7105677074677053,0.8218094293578186
test_len_truncation.wos_ds_dois_matched,0.996471292276737,0.8252463061651075,0.90281199880191
test_len_truncation.wos_mag_dois_matched,0.9958421033664412,0.8424221724256967,0.9127299911754295
test_len_truncation.ds_mag_dois_matched,0.9948774455217541,0.8412422594893905,0.9116322295344828
