experiment_name,precision,recall,f1
test_char_len_filt.arxiv_wos_dois_matched,0.9962436027474922,0.749429188969639,0.8553882935745791
test_char_len_filt.arxiv_ds_dois_matched,0.1402942974929483,0.03150099762386148,0.05144972484795657
test_char_len_filt.arxiv_mag_dois_matched,0.9738778415705893,0.7052035234523474,0.8180450329497462
test_char_len_filt.wos_ds_dois_matched,0.996655596714573,0.8232951845794562,0.9017186199682249
test_char_len_filt.wos_mag_dois_matched,0.9956288678570804,0.8404355458866979,0.9114733500573036
test_char_len_filt.ds_mag_dois_matched,0.9948597367818469,0.8405322853314967,0.9112077616842744
