experiment_name,precision,recall,f1
test_title_match_floor.arxiv_wos_dois_matched,0.9964050329538646,0.786425286856115,0.8790495709643736
test_title_match_floor.arxiv_ds_dois_matched,0.15118178518130118,0.03320171932334307,0.054446250079437854
test_title_match_floor.arxiv_mag_dois_matched,0.9758927765382581,0.7290641461987036,0.8346116249860407
test_title_match_floor.wos_ds_dois_matched,0.996549224897795,0.8353782569786782,0.9088739185634509
test_title_match_floor.wos_mag_dois_matched,0.9959359912033968,0.8526292932513586,0.9187278452584476
test_title_match_floor.ds_mag_dois_matched,0.9949080789812642,0.8414028013986895,0.9117393506003896
